中文电影名,外文电影名,电影评分,评分人数,电影简介,电影详情
[[肖申克的救赎,The Shawshank Redemption,9.7,2410222,希望让人自由。,导演: 弗兰克·德拉邦特 Frank Darabont主演: 蒂姆·罗宾斯 Tim Robbins  ... 1994 美国 犯罪 剧情
霸王别姬,缺失,9.6,1793718,风华绝代。,导演: 陈凯歌 Kaige Chen主演: 张国荣 Leslie Cheung   张丰毅 Fengyi Zha... 1993 中国大陆 中国香港 剧情 爱情 同性
阿甘正传,Forrest Gump,9.5,1814052,一部美国近现代史。,导演: 罗伯特·泽米吉斯 Robert Zemeckis主演: 汤姆·汉克斯 Tom Hanks   ... 1994 美国 剧情 爱情
这个杀手不太冷,Léon,9.4,1982399,怪蜀黍和小萝莉不得不说的故事。,导演: 吕克·贝松 Luc Besson主演: 让·雷诺 Jean Reno   娜塔莉·波特曼 ... 1994 法国 美国 剧情 动作 犯罪
泰坦尼克号,Titanic,9.4,1775480,失去的才是永恒的。,导演: 詹姆斯·卡梅隆 James Cameron主演: 莱昂纳多·迪卡普里奥 Leonardo... 1997 美国 墨西哥 澳大利亚 加拿大 剧情 爱情 灾难
美丽人生,La vita è bella,9.6,1112920,最美的谎言。,导演: 罗伯托·贝尼尼 Roberto Benigni主演: 罗伯托·贝尼尼 Roberto Beni... 1997 意大利 剧情 喜剧 爱情 战争
千与千寻,千と千尋の神隠し,9.4,1892709,最好的宫崎骏，最好的久石让。,导演: 宫崎骏 Hayao Miyazaki主演: 柊瑠美 Rumi Hîragi   入野自由 Miy... 2001 日本 剧情 动画 奇幻
辛德勒的名单,""" Schindlers List""",9.5,925279,拯救一个人，就是拯救整个世界。,导演: 史蒂文·斯皮尔伯格 Steven Spielberg主演: 连姆·尼森 Liam Neeson... 1993 美国 剧情 历史 战争
盗梦空间,Inception,9.3,1746097,诺兰给了我们一场无法盗取的梦。,导演: 克里斯托弗·诺兰 Christopher Nolan主演: 莱昂纳多·迪卡普里奥 Le... 2010 美国 英国 剧情 科幻 悬疑 冒险
忠犬八公的故事,""" Hachi: A Dogs Tale""",9.4,1200595,永远都不能忘记你所爱的人。,导演: 莱塞·霍尔斯道姆 Lasse Hallström主演: 理查·基尔 Richard Ger... 2009 美国 英国 剧情
星际穿越,Interstellar,9.3,1419776,爱是一种力量，让我们超越时空感知它的存在。,导演: 克里斯托弗·诺兰 Christopher Nolan主演: 马修·麦康纳 Matthew Mc... 2014 美国 英国 加拿大 剧情 科幻 冒险
楚门的世界,The Truman Show,9.3,1339179,如果再也不能见到你，祝你早安，午安，晚安。,导演: 彼得·威尔 Peter Weir主演: 金·凯瑞 Jim Carrey   劳拉·琳妮 Lau... 1998 美国 剧情 科幻
海上钢琴师,""" La leggenda del pianista sulloceano""",9.3,1419068,每个人都要走一条自己坚定了的路，就算是粉身碎骨。,导演: 朱塞佩·托纳多雷 Giuseppe Tornatore主演: 蒂姆·罗斯 Tim Roth   ... 1998 意大利 剧情 音乐
三傻大闹宝莱坞,3 Idiots,9.2,1592545,英俊版憨豆，高情商版谢耳朵。,导演: 拉库马·希拉尼 Rajkumar Hirani主演: 阿米尔·汗 Aamir Khan   卡... 2009 印度 剧情 喜剧 爱情 歌舞
机器人总动员,WALL·E,9.3,1120576,小瓦力，大人生。,导演: 安德鲁·斯坦顿 Andrew Stanton主演: 本·贝尔特 Ben Burtt   艾丽... 2008 美国 科幻 动画 冒险
放牛班的春天,Les choristes,9.3,1105562,天籁一般的童声，是最接近上帝的存在。,导演: 克里斯托夫·巴拉蒂 Christophe Barratier主演: 热拉尔·朱尼奥 Gé... 2004 法国 瑞士 德国 剧情 喜剧 音乐
无间道,無間道,9.3,1084594,香港电影史上永不过时的杰作。,导演: 刘伟强   麦兆辉主演: 刘德华   梁朝伟   黄秋生 2002 中国香港 剧情 犯罪 惊悚
疯狂动物城,Zootopia,9.2,1570119,迪士尼给我们营造的乌托邦就是这样，永远善良勇敢，永远出乎意料。,导演: 拜伦·霍华德 Byron Howard   瑞奇·摩尔 Rich Moore主演: 金妮弗·... 2016 美国 喜剧 动画 冒险
大话西游之大圣娶亲,西遊記大結局之仙履奇緣,9.2,1292226,一生所爱。,导演: 刘镇伟 Jeffrey Lau主演: 周星驰 Stephen Chow   吴孟达 Man Tat Ng... 1995 中国香港 中国大陆 喜剧 爱情 奇幻 古装
熔炉,도가니,9.3,783858,我们一路奋战不是为了改变世界，而是为了不让世界改变我们。,导演: 黄东赫 Dong-hyuk Hwang主演: 孔侑 Yoo Gong   郑有美 Yu-mi Jung  ... 2011 韩国 剧情
教父,The Godfather,9.3,787123,千万不要记恨你的对手，这样会让你失去理智。,导演: 弗朗西斯·福特·科波拉 Francis Ford Coppola主演: 马龙·白兰度 M... 1972 美国 剧情 犯罪
当幸福来敲门,The Pursuit of Happyness,9.1,1281282,平民励志片。,导演: 加布里尔·穆奇诺 Gabriele Muccino主演: 威尔·史密斯 Will Smith ... 2006 美国 剧情 传记 家庭
龙猫,となりのトトロ,9.2,1070388,人人心中都有个龙猫，童年就永远不会消失。,导演: 宫崎骏 Hayao Miyazaki主演: 日高法子 Noriko Hidaka   坂本千夏 Ch... 1988 日本 动画 奇幻 冒险
怦然心动,Flipped,9.1,1523638,真正的幸福是来自内心深处。,导演: 罗伯·莱纳 Rob Reiner主演: 玛德琳·卡罗尔 Madeline Carroll   卡... 2010 美国 剧情 喜剧 爱情
控方证人,Witness for the Prosecution,9.6,384134,比利·怀德满分作品。,导演: 比利·怀尔德 Billy Wilder主演: 泰隆·鲍华 Tyrone Power   玛琳·... 1957 美国 剧情 犯罪 悬疑
触不可及,Intouchables,9.3,848480,满满温情的高雅喜剧。,导演: 奥利维·那卡什 Olivier Nakache   艾力克·托兰达 Eric Toledano主... 2011 法国 剧情 喜剧
末代皇帝,The Last Emperor,9.3,685216,“不要跟我比惨，我比你更惨”再适合这部电影不过了。,导演: 贝纳尔多·贝托鲁奇 Bernardo Bertolucci主演: 尊龙 John Lone   陈... 1987 英国 意大利 中国大陆 法国 剧情 传记 历史
蝙蝠侠：黑暗骑士,The Dark Knight,9.2,876267,无尽的黑暗。,导演: 克里斯托弗·诺兰 Christopher Nolan主演: 克里斯蒂安·贝尔 Christ... 2008 美国 英国 剧情 动作 科幻 犯罪 惊悚
寻梦环游记,Coco,9.1,1338142,死亡不是真的逝去，遗忘才是永恒的消亡。,导演: 李·昂克里奇 Lee Unkrich   阿德里安·莫利纳 Adrian Molina主演: ... 2017 美国 喜剧 动画 奇幻 音乐
活着,缺失,9.3,682133,张艺谋最好的电影。,导演: 张艺谋 Yimou Zhang主演: 葛优 You Ge   巩俐 Li Gong   姜武 Wu Jiang 1994 中国大陆 中国香港 剧情 历史 家庭
指环王3：王者无敌,The Lord of the Rings: The Return of the King,9.3,667860,史诗的终章。,导演: 彼得·杰克逊 Peter Jackson主演: 伊利亚·伍德 Elijah Wood   西恩... 2003 美国 新西兰 剧情 动作 奇幻 冒险
乱世佳人,Gone with the Wind,9.3,578162,Tomorrow is another day.,导演: 维克多·弗莱明 Victor Fleming   乔治·库克 George Cukor主演: 费... 1939 美国 剧情 历史 爱情 战争
哈利·波特与魔法石,""" Harry Potter and the Sorcerers Stone""",9.1,905232,童话世界的开端。,导演: Chris Columbus主演: Daniel Radcliffe   Emma Watson   Rupert Grint 2001 美国 英国 奇幻 冒险
何以为家,كفرناحوم,9.1,850125,凝视卑弱生命，用电影改变命运。,导演: 娜丁·拉巴基 Nadine Labaki主演: 扎因·拉费阿 Zain al-Rafeea   ... 2018 黎巴嫩 美国 法国 塞浦路斯 卡塔尔 英国 剧情
飞屋环游记,Up,9.0,1116320,最后那些最无聊的事情，才是最值得怀念的。,导演: 彼特·道格特 Pete Docter   鲍勃·彼德森 Bob Peterson主演: 爱德... 2009 美国 剧情 喜剧 动画 冒险
素媛,소원,9.3,557079,受过伤害的人总是笑得最开心，因为他们不愿意让身边的人承受一样的痛苦。,导演: 李濬益 Jun-ik Lee主演: 薛景求 Kyung-gu Sol   严志媛 Ji-won Uhm ... 2013 韩国 剧情
摔跤吧！爸爸,Dangal,9.0,1322895,你不是在为你一个人战斗，你要让千千万万的女性看到女生并不是只能相夫教子。,导演: 涅提·蒂瓦里 Nitesh Tiwari主演: 阿米尔·汗 Aamir Khan   法缇玛... 2016 印度 剧情 传记 运动 家庭
十二怒汉,12 Angry Men,9.4,389121,1957年的理想主义。,导演: Sidney Lumet主演: 亨利·方达 Henry Fonda   马丁·鲍尔萨姆 Marti... 1957 美国 剧情
少年派的奇幻漂流,Life of Pi,9.1,1163565,瑰丽壮观、无人能及的冒险之旅。,导演: 李安 Ang Lee主演: 苏拉·沙玛 Suraj Sharma   伊尔凡·可汗 Irrfan... 2012 美国 中国台湾 英国 加拿大 剧情 奇幻 冒险
哈尔的移动城堡,ハウルの動く城,9.1,835819,带着心爱的人在天空飞翔。,导演: 宫崎骏 Hayao Miyazaki主演: 倍赏千惠子 Chieko Baishô   木村拓... 2004 日本 动画 奇幻 冒险
鬼子来了,缺失,9.3,516885,对敌人的仁慈，就是对自己残忍。,导演: 姜文 Wen Jiang主演: 姜文 Wen Jiang   香川照之 Teruyuki Kagawa  ... 2000 中国大陆 剧情 喜剧
我不是药神,缺失,9.0,1758980,对我们国家而言，这样的电影多一部是一部。,导演: 文牧野 Muye Wen主演: 徐峥 Zheng Xu   王传君 Chuanjun Wang   周... 2018 中国大陆 剧情 喜剧
大话西游之月光宝盒,西遊記第壹佰零壹回之月光寶盒,9.0,1029961,旷古烁今。,导演: 刘镇伟 Jeffrey Lau主演: 周星驰 Stephen Chow   吴孟达 Man Tat Ng... 1995 中国香港 中国大陆 喜剧 爱情 奇幻 古装
天空之城,天空の城ラピュタ,9.1,699779,对天空的追逐，永不停止。,导演: 宫崎骏 Hayao Miyazaki主演: 田中真弓 Mayumi Tanaka   横泽启子 Ke... 1986 日本 动画 奇幻 冒险
天堂电影院,Nuovo Cinema Paradiso,9.2,577675,那些吻戏，那些青春，都在影院的黑暗里被泪水冲刷得无比清晰。,导演: 朱塞佩·托纳多雷 Giuseppe Tornatore主演: 菲利普·努瓦雷 Philipp... 1988 意大利 法国 剧情 爱情
闻香识女人,Scent of a Woman,9.1,720312,史上最美的探戈。,导演: 马丁·布莱斯 Martin Brest主演: 阿尔·帕西诺 Al Pacino   克里斯... 1992 美国 剧情
指环王2：双塔奇兵,The Lord of the Rings: The Two Towers,9.1,622092,承前启后的史诗篇章。,导演: 彼得·杰克逊 Peter Jackson主演: 伊利亚·伍德 Elijah Wood   西恩... 2002 美国 新西兰 剧情 动作 奇幻 冒险
罗马假日,Roman Holiday,9.0,813430,爱情哪怕只有一天。,导演: 威廉·惠勒 William Wyler主演: 奥黛丽·赫本 Audrey Hepburn   格... 1953 美国 喜剧 剧情 爱情
猫鼠游戏,Catch Me If You Can,9.1,758165,骗子大师和执著警探的你追我跑故事。,导演: 史蒂文·斯皮尔伯格 Steven Spielberg主演: 莱昂纳多·迪卡普里奥 L... 2002 美国 加拿大 传记 犯罪 剧情
辩护人,변호인,9.2,506400,电影的现实意义大过电影本身。,导演: 杨宇硕 Woo-seok Yang主演: 宋康昊 Kang-ho Song   金英爱 Yeong-ae... 2013 韩国 剧情
指环王1：护戒使者,The Lord of the Rings: The Fellowship of the Ring,9.1,707207,传说的开始。,导演: 彼得·杰克逊 Peter Jackson主演: 伊利亚·伍德 Elijah Wood   西恩... 2001 新西兰 美国 剧情 动作 奇幻 冒险
钢琴家,The Pianist,9.2,470751,音乐能化解仇恨。,导演: 罗曼·波兰斯基 Roman Polanski主演: 艾德里安·布洛迪 Adrien Brod... 2002 英国 法国 波兰 德国 美国 剧情 传记 战争 音乐
大闹天宫,缺失,9.4,347974,经典之作，历久弥新。,导演: 万籁鸣 Laiming Wan主演: 邱岳峰 Yuefeng Qiu   富润生 Runsheng Fu... 1961(中国大陆)   1964(中国大陆)   1978(中国大陆)   2004(中国大陆) 中国大陆 动画 奇幻
教父2,The Godfather: Part Ⅱ,9.2,442510,优雅的孤独。,导演: 弗朗西斯·福特·科波拉 Francis Ford Coppola主演: 阿尔·帕西诺 A... 1974 美国 剧情 犯罪
让子弹飞,缺失,8.9,1373033,你给我翻译翻译，神马叫做TMD的惊喜。,导演: 姜文 Wen Jiang主演: 姜文 Wen Jiang   葛优 You Ge   周润发 Yun-F... 2010 中国大陆 中国香港 剧情 喜剧 动作 西部
狮子王,The Lion King,9.1,691555,动物版《哈姆雷特》。,导演: Roger Allers   罗伯·明可夫 Rob Minkoff主演: 乔纳森·泰勒·托马... 1994 美国 动画 冒险 歌舞
死亡诗社,Dead Poets Society,9.1,582257,当一个死水般的体制内出现一个活跃的变数时，所有的腐臭都站在了光明的对面。,导演: 彼得·威尔 Peter Weir主演: 罗宾·威廉姆斯 Robin Williams   罗伯... 1989 美国 剧情
搏击俱乐部,Fight Club,9.0,713375,邪恶与平庸蛰伏于同一个母体，在特定的时间互相对峙。,导演: 大卫·芬奇 David Fincher主演: 爱德华·诺顿 Edward Norton   布拉... 1999 美国 德国 意大利 剧情 动作 悬疑 惊悚
黑客帝国,The Matrix,9.1,674174,视觉革命。,导演: 安迪·沃卓斯基 Andy Wachowski   拉娜·沃卓斯基 Lana Wachowski主... 1999 美国 动作 科幻
绿皮书,Green Book,8.9,1310974,去除成见，需要勇气。,导演: 彼得·法雷里 Peter Farrelly主演: 维果·莫腾森 Viggo Mortensen  ... 2018 美国 中国大陆 剧情 喜剧 传记 音乐
海蒂和爷爷,Heidi,9.2,394959,如果生活中有什么使你感到快乐，那就去做吧！不要管别人说什么。,导演: 阿兰·葛斯彭纳 Alain Gsponer主演: 阿努克·斯特芬 Anuk Steffen  ... 2015 德国 瑞士 剧情 冒险 家庭
饮食男女,飲食男女,9.1,496629,人生不能像做菜，把所有的料都准备好了才下锅。,导演: 李安 Ang Lee主演: 郎雄 Sihung Lung   杨贵媚 Kuei-Mei Yang   吴... 1994 中国台湾 美国 剧情 家庭
美丽心灵,A Beautiful Mind,9.0,636595,爱是一切逻辑和原由。,导演: 朗·霍华德 Ron Howard主演: 罗素·克劳 Russell Crowe   艾德·哈... 2001 美国 传记 剧情
窃听风暴,Das Leben der Anderen,9.2,469544,别样人生。,导演: 弗洛里安·亨克尔·冯·多纳斯马尔克 Florian Henckel von Donnersmarck&amp;n... 2006 德国 剧情 悬疑
本杰明·巴顿奇事,The Curious Case of Benjamin Button,8.9,824918,在时间之河里感受溺水之苦。,导演: 大卫·芬奇 David Fincher主演: 凯特·布兰切特 Cate Blanchett   ... 2008 美国 剧情 爱情 奇幻
两杆大烟枪,Lock,Stock and Two Smoking Barrels,9.1,506061,4个臭皮匠顶个诸葛亮，盖·里奇果然不是盖的。
情书,Love Letter,8.9,845308,暗恋的极致。,导演: 岩井俊二 Shunji Iwai主演: 中山美穗 Miho Nakayama   丰川悦司 Ets... 1995 日本 剧情 爱情
穿条纹睡衣的男孩,The Boy in the Striped Pajamas,9.1,436862,尽管有些不切实际的幻想，这部电影依旧是一部感人肺腑的佳作。,导演: 马克·赫尔曼 Mark Herman主演: 阿萨·巴特菲尔德 Asa Butterfield ... 2008 英国 美国 剧情 战争
看不见的客人,Contratiempo,8.8,1021136,你以为你以为的就是你以为的。,导演: 奥里奥尔·保罗 Oriol Paulo主演: 马里奥·卡萨斯 Mario Casas   阿... 2016 西班牙 剧情 犯罪 悬疑 惊悚
飞越疯人院,""" One Flew Over the Cuckoos Nest""",9.1,478723,自由万岁。,导演: 米洛斯·福尔曼 Miloš Forman主演: 杰克·尼科尔森 Jack Nichols... 1975 美国 剧情
西西里的美丽传说,Malèna,8.9,816048,美丽无罪。,导演: 朱塞佩·托纳多雷 Giuseppe Tornatore主演: 莫妮卡·贝鲁奇 Monica ... 2000 意大利 美国 剧情 战争 情色
拯救大兵瑞恩,Saving Private Ryan,9.0,539948,美利坚精神输出大片No1.,导演: 史蒂文·斯皮尔伯格 Steven Spielberg主演: 汤姆·汉克斯 Tom Hanks... 1998 美国 剧情 战争
音乐之声,The Sound of Music,9.1,500704,用音乐化解仇恨，让歌声串起美好。,导演: 罗伯特·怀斯 Robert Wise主演: 朱莉·安德鲁斯 Julie Andrews   克... 1965 美国 剧情 传记 爱情 歌舞
小鞋子,بچههای آسمان,9.2,339780,奔跑的孩子是天使。,导演: 马基德·马基迪 Majid Majidi主演: 默罕默德·阿米尔·纳吉 Mohamma... 1997 伊朗 剧情 儿童 家庭
阿凡达,Avatar,8.8,1176948,绝对意义上的美轮美奂。,导演: 詹姆斯·卡梅隆 James Cameron主演: 萨姆·沃辛顿 Sam Worthington ... 2009 美国 动作 科幻 冒险
海豚湾,The Cove,9.3,315718,海豚的微笑，是世界上最高明的伪装。,"""导演: 路易·西霍尤斯 Louie Psihoyos主演: Richard OBarry   路易·西霍... 2009 美国 纪录片"""
致命魔术,The Prestige,8.9,719024,孪生蝙蝠侠大战克隆金刚狼。,导演: 克里斯托弗·诺兰 Christopher Nolan主演: 休·杰克曼 Hugh Jackman... 2006 英国 美国 剧情 悬疑 惊悚
美国往事,Once Upon a Time in America,9.2,345442,往事如烟，无处祭奠。,导演: 赛尔乔·莱翁内 Sergio Leone主演: 罗伯特·德尼罗 Robert De Niro ... 1984 美国 意大利 犯罪 剧情
沉默的羔羊,The Silence of the Lambs,8.9,719826,安东尼·霍普金斯的顶级表演。,导演: 乔纳森·戴米 Jonathan Demme主演: 朱迪·福斯特 Jodie Foster   安... 1991 美国 剧情 犯罪 惊悚
禁闭岛,Shutter Island,8.8,795187,昔日翩翩少年，今日大腹便便。,导演: Martin Scorsese主演: 莱昂纳多·迪卡普里奥 Leonardo DiCaprio   ... 2010 美国 剧情 悬疑 惊悚
蝴蝶效应,The Butterfly Effect,8.8,779393,人的命运被自己瞬间的抉择改变。,导演: 埃里克·布雷斯 Eric Bress   J·麦基·格鲁伯 J. Mackye Gruber主... 2004 美国 加拿大 剧情 悬疑 科幻 惊悚
低俗小说,Pulp Fiction,8.9,693854,故事的高级讲法。,导演: 昆汀·塔伦蒂诺 Quentin Tarantino主演: 约翰·特拉沃尔塔 John Tra... 1994 美国 剧情 喜剧 犯罪
心灵捕手,Good Will Hunting,8.9,588339,人生中应该拥有这样的一段豁然开朗。,导演: 格斯·范·桑特 Gus Van Sant主演: 马特·达蒙 Matt Damon   罗宾·... 1997 美国 剧情
布达佩斯大饭店,The Grand Budapest Hotel,8.9,745136,小清新的故事里注入了大历史的情怀。,导演: 韦斯·安德森 Wes Anderson主演: 拉尔夫·费因斯 Ralph Fiennes   ... 2014 美国 德国 英国 剧情 喜剧 冒险
哈利·波特与死亡圣器(下),Harry Potter and the Deathly Hallows: Part 2,8.9,653116,10年的完美句点。,导演: 大卫·叶茨 David Yates主演: 丹尼尔·雷德克里夫 Daniel Radcliffe... 2011 美国 英国 奇幻 冒险
春光乍泄,春光乍洩,9.0,523333,爱情纠缠，男女一致。,导演: 王家卫 Kar Wai Wong主演: 张国荣 Leslie Cheung   梁朝伟 Tony Leu... 1997 中国香港 日本 韩国 剧情 爱情 同性
七宗罪,Se7en,8.8,806082,警察抓小偷，老鼠玩死猫。,导演: 大卫·芬奇 David Fincher主演: 摩根·弗里曼 Morgan Freeman   布... 1995 美国 剧情 犯罪 悬疑 惊悚
摩登时代,Modern Times,9.3,242683,大时代中的人生，小人物的悲喜。,导演: 查理·卓别林 Charles Chaplin主演: 查理·卓别林 Charles Chaplin ... 1936 美国 剧情 喜剧 爱情
喜剧之王,喜劇之王,8.8,802475,我是一个演员。,导演: 周星驰 Stephen Chow   李力持 Lik-Chi Lee主演: 周星驰 Stephen Ch... 1999 中国香港 喜剧 剧情 爱情
被嫌弃的松子的一生,嫌われ松子の一生,8.9,610146,以戏谑来戏谑戏谑。,导演: 中岛哲也 Tetsuya Nakashima主演: 中谷美纪 Miki Nakatani   瑛太 E... 2006 日本 剧情 歌舞
致命ID,Identity,8.8,670862,最不可能的那个人永远是最可能的。,导演: 詹姆斯·曼高德 James Mangold主演: 约翰·库萨克 John Cusack   雷... 2003 美国 剧情 悬疑 惊悚
杀人回忆,살인의 추억,8.9,568853,关于连环杀人悬案的集体回忆。,导演: 奉俊昊 Joon-ho Bong主演: 宋康昊 Kang-ho Song   金相庆 Sang-kyun... 2003 韩国 剧情 动作 犯罪 悬疑 惊悚
加勒比海盗,Pirates of the Caribbean: The Curse of the Black Pearl,8.8,726589,约翰尼·德普的独角戏。,导演: 戈尔·维宾斯基 Gore Verbinski主演: 约翰尼·德普 Johnny Depp   ... 2003 美国 动作 冒险 奇幻
剪刀手爱德华,Edward Scissorhands,8.7,910010,浪漫忧郁的成人童话。,导演: 蒂姆·波顿 Tim Burton主演: 约翰尼·德普 Johnny Depp   薇诺娜·... 1990 美国 剧情 奇幻 爱情
狩猎,Jagten,9.1,313628,人言可畏。,导演: 托马斯·温特伯格 Thomas Vinterberg主演: 麦斯·米科尔森 Mads Mik... 2012 丹麦 瑞典 剧情
勇敢的心,Braveheart,8.9,496631,史诗大片的典范。,导演: 梅尔·吉布森 Mel Gibson主演: 梅尔·吉布森 Mel Gibson   苏菲·玛... 1995 美国 动作 传记 剧情 历史 战争
请以你的名字呼唤我,Call Me by Your Name,8.9,571549,沉醉在电影的情感和视听氛围中无法自拔。,导演: 卢卡·瓜达尼诺 Luca Guadagnino主演: 艾米·汉莫 Armie Hammer   ... 2017 意大利 法国 巴西 美国 荷兰 德国 剧情 爱情 同性
红辣椒,パプリカ,9.0,357515,梦的勾结。,导演: 今敏 Satoshi Kon主演: 林原惠美 Megumi Hayashibara   江守彻 Toru... 2006 日本 动画 悬疑 科幻 惊悚
7号房的礼物,7번방의 선물,8.9,455301,《我是山姆》的《美丽人生》。,导演: 李焕庆 Hwan-kyeong Lee主演: 柳承龙 Seung-yong Ryoo   朴信惠 Shi... 2013 韩国 剧情 喜剧 家庭
断背山,Brokeback Mountain,8.8,608407,每个人心中都有一座断背山。,导演: 李安 Ang Lee主演: 希斯·莱杰 Heath Ledger   杰克·吉伦哈尔 Jake... 2005 美国 加拿大 剧情 爱情 同性 家庭
天使爱美丽,""" Le fabuleux destin dAmélie Poulain""",8.7,857865,法式小清新。,导演: 让-皮埃尔·热内 Jean-Pierre Jeunet主演: 奥黛丽·塔图 Audrey Tau... 2001 法国 德国 剧情 喜剧 爱情
功夫,缺失,8.7,862675,警恶惩奸，维护世界和平这个任务就交给你了，好吗？,导演: 周星驰 Stephen Chow主演: 周星驰 Stephen Chow   元秋 Qiu Yuen   ... 2004 中国大陆 中国香港 动作 喜剧 犯罪 奇幻
超脱,Detachment,8.9,421650,穷尽一生，我们要学会的，不过是彼此拥抱。,导演: 托尼·凯耶 Tony Kaye主演: 艾德里安·布洛迪 Adrien Brody   马西... 2011 美国 剧情
幽灵公主,もののけ姫,8.9,448510,人与自然的战争史诗。,导演: 宫崎骏 Hayao Miyazaki主演: 松田洋治 Yôji Matsuda   石田百合... 1997 日本 动画 奇幻 冒险
小森林 夏秋篇,リトル・フォレスト 夏・秋,9.0,355504,那些静得只能听见呼吸的日子里，你明白孤独即生活。,导演: 森淳一 Junichi Mori主演: 桥本爱 Ai Hashimoto   三浦贵大 Takahir... 2014 日本 剧情
第六感,The Sixth Sense,8.9,459697,深入内心的恐怖，出人意料的结局。,导演: M·奈特·沙马兰 M. Night Shyamalan主演: 布鲁斯·威利斯 Bruce Wi... 1999 美国 剧情 悬疑 惊悚
阳光灿烂的日子,缺失,8.8,519262,一场华丽的意淫。,导演: 姜文 Wen Jiang主演: 夏雨 Yu Xia   宁静 Jing Ning   陶虹 Hong Tao 1994 中国大陆 中国香港 剧情 爱情
重庆森林,重慶森林,8.8,663626,寂寞没有期限。,导演: 王家卫 Kar Wai Wong主演: 林青霞 Brigitte Lin   金城武 Takeshi K... 1994 中国香港 剧情 爱情
唐伯虎点秋香,唐伯虎點秋香,8.7,881825,华太师是黄霑，吴镇宇四大才子之一。,导演: 李力持 Lik-Chi Lee主演: 周星驰 Stephen Chow   巩俐 Li Gong   陈... 1993 中国香港 喜剧 爱情 古装
爱在黎明破晓前,Before Sunrise,8.8,525797,缘分是个连绵词，最美不过一瞬。,导演: 理查德·林克莱特 Richard Linklater主演: 伊桑·霍克 Ethan Hawke ... 1995 美国 奥地利 瑞士 剧情 爱情
人生果实,人生フルーツ,9.5,145086,土壤没有落叶不会肥沃，没有了你就不算人生。,导演: 伏原健之 Kenshi Fushihara主演: 津端修一 Shûichi Tsubata   津... 2017 日本 纪录片
一一,缺失,9.1,299672,我们都曾经是一一。,导演: 杨德昌 Edward Yang主演: 吴念真   李凯莉 Kelly Lee   金燕玲 Elai... 2000 中国台湾 日本 剧情 爱情 家庭
菊次郎的夏天,菊次郎の夏,8.8,483392,从没见过那么流氓的温柔，从没见过那么温柔的流氓。,导演: 北野武 Takeshi Kitano主演: 北野武 Takeshi Kitano   关口雄介 Yus... 1999 日本 剧情 喜剧
蝙蝠侠：黑暗骑士崛起,The Dark Knight Rises,8.8,599074,诺兰就是保证。,导演: 克里斯托弗·诺兰 Christopher Nolan主演: 克里斯蒂安·贝尔 Christ... 2012 美国 英国 剧情 动作 科幻 犯罪 惊悚
小森林 冬春篇,リトル・フォレスト 冬・春,9.0,318195,尊敬他人，尊敬你生活的这片土地，明白孤独是人生的常态。,导演: 森淳一 Junichi Mori主演: 桥本爱 Ai Hashimoto   三浦贵大 Takahir... 2015 日本 剧情
哈利·波特与阿兹卡班的囚徒,Harry Potter and the Prisoner of Azkaban,8.8,527520,不一样的导演，不一样的哈利·波特。,导演: Alfonso Cuarón主演: 丹尼尔·雷德克里夫 Daniel Radcliffe   Emma... 2004 英国 美国 奇幻 冒险
消失的爱人,Gone Girl,8.7,756679,年度最佳date movie。,导演: 大卫·芬奇 David Fincher主演: 本·阿弗莱克 Ben Affleck   罗莎蒙... 2014 美国 剧情 犯罪 悬疑 惊悚
无人知晓,誰も知らない,9.1,250258,我的平常生活就是他人的幸福。,导演: 是枝裕和 Hirokazu Koreeda主演: 柳乐优弥 Yûya Yagira   北浦爱... 2004 日本 剧情
入殓师,おくりびと,8.9,487330,死可能是一道门，逝去并不是终结，而是超越，走向下一程。,导演: 泷田洋二郎 Yôjirô Takita主演: 本木雅弘 Masahiro Motoki   ... 2008 日本 剧情
超能陆战队,Big Hero 6,8.7,841625,Balalala~~~,导演: 唐·霍尔 Don Hall   克里斯·威廉姆斯 Chris Williams主演: 斯科特... 2014 美国 喜剧 动作 科幻 动画 冒险
倩女幽魂,缺失,8.7,616015,两张绝世的脸。,导演: 程小东 Siu-Tung Ching主演: 张国荣 Leslie Cheung   王祖贤 Joey W... 1987 中国香港 爱情 奇幻 武侠 古装
侧耳倾听,耳をすませば,8.9,386017,少女情怀总是诗。,导演: 近藤喜文 Yoshifumi Kondo主演: 本名阳子 Youko Honna   小林桂树 K... 1995 日本 剧情 爱情 动画
完美的世界,A Perfect World,9.1,240659,坏人的好总是比好人的好来得更感人。,导演: 克林特·伊斯特伍德 Clint Eastwood主演: 凯文·科斯特纳 Kevin Cos... 1993 美国 剧情 犯罪
借东西的小人阿莉埃蒂,借りぐらしのアリエッティ,8.9,456978,曾经的那段美好会沉淀为一辈子的记忆。,导演: 米林宏昌 Hiromasa Yonebayashi主演: 志田未来 Mirai Shida   神木... 2010 日本 动画 奇幻 冒险
甜蜜蜜,缺失,8.9,434535,相逢只要一瞬间，等待却像是一辈子。,导演: 陈可辛 Peter Chan主演: 黎明 Leon Lai   张曼玉 Maggie Cheung   ... 1996 中国香港 剧情 爱情
爱在日落黄昏时,Before Sunset,8.9,435650,九年后的重逢是世俗和责任的交叠，没了悸动和青涩，沧桑而温暖。,导演: 理查德·林克莱特 Richard Linklater主演: 伊桑·霍克 Ethan Hawke ... 2004 美国 法国 剧情 爱情
萤火之森,蛍火の杜へ,8.9,433029,触不到的恋人。,导演: 大森贵弘 Takahiro Omori主演: 佐仓绫音 Ayane Sakura   内山昂辉 K... 2011 日本 剧情 爱情 动画 奇幻
驯龙高手,How to Train Your Dragon,8.7,638087,和谐的生活离不开摸头与被摸头。,导演: 迪恩·德布洛斯 Dean DeBlois   克里斯·桑德斯 Chris Sanders主演:... 2010 美国 动画 奇幻 冒险
玛丽和马克思,Mary and Max,8.9,372210,你是我最好的朋友，你是我唯一的朋友 。,导演: 亚当·艾略特 Adam Elliot主演: 托妮·科莱特 Toni Collette   菲利... 2009 澳大利亚 美国 剧情 喜剧 动画
幸福终点站,The Terminal,8.8,458520,有时候幸福需要等一等。,导演: 史蒂文·斯皮尔伯格 Steven Spielberg主演: 汤姆·汉克斯 Tom Hanks... 2004 美国 喜剧 剧情 爱情
天书奇谭,缺失,9.2,196681,传奇的年代，醉人的童话。,导演: 王树忱 Shuchen Wang   钱运达 Yunda Qian主演: 丁建华 Jianhua Din... 1983(中国大陆) 中国大陆 动画 奇幻
哈利·波特与密室,Harry Potter and the Chamber of Secrets,8.8,552468,魔法的密室之门已打开...,导演: Chris Columbus主演: 丹尼尔·雷德克里夫 Daniel Radcliffe   艾玛... 2002 美国 英国 德国 奇幻 冒险
告白,缺失,8.7,590366,没有一人完全善，也没有一人完全恶。,导演: 中岛哲也 Tetsuya Nakashima主演: 松隆子 Takako Matsu   冈田将生 ... 2010 日本 剧情 悬疑
大鱼,Big Fish,8.8,482094,抱着梦想而活着的人是幸福的，怀抱梦想而死去的人是不朽的。,导演: 蒂姆·波顿 Tim Burton主演: 伊万·麦克格雷格 Ewan McGregor   阿... 2003 美国 剧情 家庭 奇幻 冒险
阳光姐妹淘,써니,8.8,521168,再多各自牛逼的时光，也比不上一起傻逼的岁月。,导演: 姜炯哲 Hyeong-Cheol Kang主演: 沈恩京 Eun-kyung Shim   闵孝琳 Hy... 2011 韩国 剧情 喜剧
射雕英雄传之东成西就,射鵰英雄傳之東成西就,8.7,541093,百看不厌。,导演: 刘镇伟 Jeffrey Lau主演: 梁朝伟 Tony Leung Chiu Wai   林青霞 Bri... 1993 中国香港 喜剧 奇幻 武侠 古装
怪兽电力公司,Monsters,Inc.,8.7,549266,不要给它起名字，起了名字就有感情了。
时空恋旅人,About Time,8.8,498896,把每天当作最后一天般珍惜度过，积极拥抱生活，就是幸福。,导演: 理查德·柯蒂斯 Richard Curtis主演: 多姆纳尔·格里森 Domhnall Gl... 2013 英国 喜剧 爱情 奇幻
恐怖直播,더 테러 라이브,8.7,543070,恐怖分子的“秋菊打官司”。,导演: 金秉祐 Byeong-woo Kim主演: 河正宇 Jung-woo Ha   李璟荣 Kyeong-y... 2013 韩国 剧情 犯罪 悬疑
神偷奶爸,Despicable Me,8.6,809411,"""Mr. I Dont Care其实也有Care的时候。""",导演: 皮艾尔·柯芬 Pierre Coffin   克里斯·雷纳德 Chris Renaud主演: ... 2010 美国 法国 喜剧 动画 冒险
傲慢与偏见,Pride &amp; Prejudice,8.7,652622,爱是摈弃傲慢与偏见之后的曙光。,导演: 乔·怀特 Joe Wright主演: 凯拉·奈特莉 Keira Knightley   马修·... 2005 法国 英国 美国 剧情 爱情
玩具总动员3,Toy Story 3,8.9,423207,跨度十五年的欢乐与泪水。,导演: 李·昂克里奇 Lee Unkrich主演: 汤姆·汉克斯 Tom Hanks   蒂姆·艾... 2010 美国 喜剧 动画 奇幻 冒险
教父3,The Godfather: Part III,9.0,296468,任何信念的力量，都无法改变命运。,导演: 弗朗西斯·福特·科波拉 Francis Ford Coppola主演: 阿尔·帕西诺 A... 1990 美国 剧情 犯罪
釜山行,부산행,8.6,982680,揭露人性的丧尸题材力作。,导演: 延尚昊 Sang-ho Yeon主演: 孔侑 Yoo Gong   郑有美 Yu-mi Jung   马... 2016 韩国 动作 惊悚 灾难
一个叫欧维的男人决定去死,En man som heter Ove,8.9,351720,惠及一生的美丽。,导演: 汉内斯·赫尔姆 Hannes Holm主演: 罗夫·拉斯加德 Rolf Lassgård... 2015 瑞典 剧情
哪吒闹海,缺失,9.1,211195,想你时你在闹海。,导演: 严定宪 Dingxian Yan   王树忱 Shuchen Wang主演: 梁正晖 Zhenghui ... 1979 中国大陆 冒险 动画 奇幻
血战钢锯岭,Hacksaw Ridge,8.7,666691,优秀的战争片不会美化战场，不会粉饰死亡，不会矮化敌人，不会无视常识，最重要的，不会宣扬战争。,导演: 梅尔·吉布森 Mel Gibson主演: 安德鲁·加菲尔德 Andrew Garfield  ... 2016 澳大利亚 美国 剧情 传记 历史 战争
被解救的姜戈,Django Unchained,8.8,503941,热血沸腾，那个低俗、性感的无耻混蛋又来了。,导演: 昆汀·塔伦蒂诺 Quentin Tarantino主演: 杰米·福克斯 Jamie Foxx  ... 2012 美国 剧情 动作 西部 冒险
未麻的部屋,Perfect Blue,9.0,246041,好的剧本是，就算你猜到了结局也猜不到全部。,导演: 今敏 Satoshi Kon主演: 岩男润子 Junko Iwao   松本梨香 Rica Matsu... 1997 日本 动画 奇幻 惊悚
七武士,七人の侍,9.3,160405,时代悲歌。,导演: 黑泽明 Akira Kurosawa主演: 三船敏郎 Toshirô Mifune   志村乔 ... 1954 日本 动作 冒险 剧情
我是山姆,I Am Sam,9.0,266124,爱并不需要智商 。,导演: 杰茜·尼尔森 Jessie Nelson主演: Sean Penn   Dakota Fanning   Mi... 2001 美国 剧情 家庭
头号玩家,Ready Player One,8.7,1153240,写给影迷，动漫迷和游戏迷的一封情书。,导演: 史蒂文·斯皮尔伯格 Steven Spielberg主演: 泰伊·谢里丹 Tye Sheri... 2018 美国 动作 科幻 冒险
喜宴,囍宴,8.9,285416,中国家庭的喜怒哀乐忍。,导演: 李安 Ang Lee主演: 赵文瑄 Winston Chao   郎雄 Sihung Lung   归亚... 1993 中国台湾 美国 剧情 喜剧 爱情 同性 家庭
电锯惊魂,Saw,8.7,434625,真相就在眼前。,导演: 詹姆斯·温 James Wan主演: 雷·沃纳尔 Leigh Whannell   加利·艾... 2004 美国 悬疑 惊悚 恐怖
风之谷,風の谷のナウシカ,8.9,310551,动画片的圣经。,导演: 宫崎骏 Hayao Miyazaki主演: 岛本须美 Sumi Shimamoto   松田洋治 Y... 1984 日本 动画 奇幻 冒险
上帝之城,Cidade de Deus,9.0,259346,被上帝抛弃了的上帝之城。,导演: 费尔南多·梅里尔斯 Fernando Meirelles   卡迪亚·兰德 Kátia Lund&amp;nbsp... 2002 巴西 法国 犯罪 剧情
新世界,신세계,8.9,309516,要做就做得狠一点，这样才能活下去。,导演: 朴勋政 Hoon-jung Park主演: 李政宰 Jung-Jae Lee   崔岷植 Min-sik... 2013 韩国 剧情 犯罪
卢旺达饭店,Hotel Rwanda,8.9,263877,当这个世界闭上双眼，他却敞开了怀抱。,导演: 特瑞·乔治 Terry George主演: 唐·钱德尔 Don Cheadle   苏菲·奥... 2004 英国 南非 意大利 美国 剧情 传记 历史 战争
英雄本色,缺失,8.7,435651,英雄泪短，兄弟情长。,导演: 吴宇森 John Woo主演: 周润发 Yun-Fat Chow   狄龙 Lung Ti   张国... 1986 中国香港 剧情 动作 犯罪
三块广告牌,Three Billboards Outside Ebbing,Missouri,8.7,695421,怼天怼地，你走后，她与世界为敌。
疯狂原始人,The Croods,8.7,722442,老少皆宜，这就是好莱坞动画的魅力。,导演: 科克·德·米科 Kirk De Micco   克里斯·桑德斯 Chris Sanders主演... 2013 美国 喜剧 动画 冒险
谍影重重3,The Bourne Ultimatum,8.8,356735,像吃了苏打饼一样干脆的电影。,导演: 保罗·格林格拉斯 Paul Greengrass主演: 马特·达蒙 Matt Damon   ... 2007 美国 德国 动作 悬疑 惊悚
模仿游戏,The Imitation Game,8.7,515725,他给机器起名“克里斯托弗”，因为这是他初恋的名字。,导演: 莫滕·泰杜姆 Morten Tyldum主演: 本尼迪克特·康伯巴奇 Benedict C... 2014 英国 美国 剧情 传记 战争 同性
花样年华,花樣年華,8.7,484726,偷情本没有这样美。,导演: 王家卫 Kar Wai Wong主演: 梁朝伟 Tony Leung Chiu Wai   张曼玉 Ma... 2000 中国香港 剧情 爱情
黑客帝国3：矩阵革命,The Matrix Revolutions,8.8,360741,不得不说，《黑客帝国》系列是商业片与科幻、哲学完美结合的典范。,导演: 拉娜·沃卓斯基 Lana Wachowski   莉莉·沃卓斯基 Lilly Wachowski... 2003 美国 动作 科幻
纵横四海,緃横四海,8.8,344768,香港浪漫主义警匪动作片的巅峰之作。,导演: 吴宇森 John Woo主演: 周润发 Yun-Fat Chow   张国荣 Leslie Cheung... 1991 中国香港 剧情 喜剧 动作 犯罪
达拉斯买家俱乐部,Dallas Buyers Club,8.8,376420,Jared Leto的腿比女人还美！,导演: 让-马克·瓦雷 Jean-Marc Vallée主演: 马修·麦康纳 Matthew McCon... 2013 美国 剧情 传记 同性
寄生虫,기생충,8.8,1145180,,导演: 奉俊昊 Joon-ho Bong主演: 宋康昊 Kang-ho Song   李善均 Seon-gyun... 2019 韩国 剧情 喜剧
头脑特工队,Inside Out,8.7,497095,愿我们都不用长大，每一座城堡都能永远存在。,导演: 彼特·道格特 Pete Docter   罗纳尔多·德尔·卡门 Ronaldo Del Carmen&amp;nb... 2015 美国 喜剧 动画 冒险
岁月神偷,歲月神偷,8.7,508552,岁月流逝，来日可追。,导演: 罗启锐 Alex Law主演: 吴君如 Sandra Ng   任达华 Simon Yam   钟绍... 2010 中国香港 中国大陆 剧情 家庭
心迷宫,缺失,8.7,417615,荒诞讽刺，千奇百巧，抽丝剥茧，百转千回。,导演: 忻钰坤 Yukun Xin主演: 霍卫民 Weimin Huo   王笑天 Xiaotian Wang ... 2014 中国大陆 剧情 犯罪 悬疑
你的名字。,君の名は。,8.4,1157152,穿越错位的时空，仰望陨落的星辰，你没留下你的名字，我却无法忘记那句“我爱你”。,导演: 新海诚 Makoto Shinkai主演: 神木隆之介 Ryûnosuke Kamiki   上... 2016 日本 剧情 爱情 动画
记忆碎片,Memento,8.7,515768,一个针管引发的血案。,导演: 克里斯托弗·诺兰 Christopher Nolan主演: 盖·皮尔斯 Guy Pearce  ... 2000 美国 犯罪 剧情 悬疑 惊悚
忠犬八公物语,ハチ公物語,9.2,160278,养狗三日，便会对你终其一生。,导演: Seijirô Kôyama主演: 山本圭 Kei Yamamoto   井川比佐志 Hisa... 1987 日本 剧情
海街日记,海街diary,8.8,357208,是枝裕和的家庭习作。,导演: 是枝裕和 Hirokazu Koreeda主演: 绫濑遥 Haruka Ayase   长泽雅美 M... 2015 日本 剧情 家庭
荒蛮故事,Relatos salvajes,8.8,362023,始于荒诞，止于更荒诞。,导演: 达米安·斯兹弗隆 Damián Szifron主演: 达里奥·葛兰帝内提 Darío... 2014 阿根廷 西班牙 剧情 喜剧 犯罪
惊魂记,Psycho,9.0,216041,故事的反转与反转，分裂电影的始祖。,导演: 阿尔弗雷德·希区柯克 Alfred Hitchcock主演: 安东尼·博金斯 Antho... 1960 美国 悬疑 惊悚 恐怖
哈利·波特与火焰杯,Harry Potter and the Goblet of Fire,8.7,477852,,导演: 迈克·内威尔 Mike Newell主演: 丹尼尔·雷德克里夫 Daniel Radclif... 2005 英国 美国 悬疑 奇幻 冒险
爆裂鼓手,Whiplash,8.7,474535,这个世界从不善待努力的人，努力了也不一定会成功，但是知道自己在努力，就是活下去的动力。,导演: 达米恩·查泽雷 Damien Chazelle主演: 迈尔斯·特勒 Miles Teller  ... 2014 美国 剧情 音乐
真爱至上,Love Actually,8.6,608320,爱，是个动词。,导演: 理查德·柯蒂斯 Richard Curtis主演: 休·格兰特 Hugh Grant   柯林... 2003 英国 美国 法国 喜剧 剧情 爱情
贫民窟的百万富翁,Slumdog Millionaire,8.6,638966,上帝之城+猜火车+阿甘正传+开心辞典=山寨富翁,导演: 丹尼·鲍尔 Danny Boyle   洛芙琳·坦丹 Loveleen Tandan主演: 戴夫... 2008 英国 剧情 爱情
东邪西毒,東邪西毒,8.6,494496,电影诗。,导演: 王家卫 Kar Wai Wong主演: 张国荣 Leslie Cheung   林青霞 Brigitte... 1994 中国香港 中国台湾 剧情 动作 爱情 武侠 古装
萤火虫之墓,火垂るの墓,8.7,356591,幸福是生生不息，却难以触及的远。,导演: 高畑勋 Isao Takahata主演: 辰己努   白石绫乃   志乃原良子 1988 日本 动画 剧情 战争
小偷家族,万引き家族,8.7,696561,我们组成了家。,导演: 是枝裕和 Hirokazu Koreeda主演: 中川雅也 Lily Franky   安藤樱 Sa... 2018 日本 剧情 犯罪 家庭
绿里奇迹,The Green Mile,8.9,255032,天使暂时离开。,导演: Frank Darabont主演: 汤姆·汉克斯 Tom Hanks   大卫·摩斯 David M... 1999 美国 犯罪 剧情 奇幻 悬疑
黑天鹅,Black Swan,8.6,694750,黑暗之美。,导演: 达伦·阿罗诺夫斯基 Darren Aronofsky主演: 娜塔莉·波特曼 Natalie... 2010 美国 剧情 惊悚
无敌破坏王,Wreck-It Ralph,8.7,444889,迪士尼和皮克斯拿错剧本的产物。,导演: 瑞奇·莫尔 Rich Moore主演: 约翰·C·赖利 John C. Reilly   萨拉... 2012 美国 喜剧 动画 奇幻 冒险
九品芝麻官,缺失,8.6,514116,,导演: 王晶 Jing Wong主演: 周星驰 Stephen Chow   吴孟达 Man Tat Ng   ... 1994 中国香港 中国大陆 剧情 喜剧 古装
你看起来好像很好吃,おまえうまそうだな,8.9,284193,感情不分食草或者食肉。,导演: 藤森雅也 Masaya Fujimori主演: 山口胜平 Kappei Yamaguchi   爱河... 2010 日本 剧情 动画 儿童
爱在午夜降临前,Before Midnight,8.8,299523,所谓爱情，就是话唠一路，都不会心生腻烦，彼此嫌弃。,导演: 理查德·林克莱特 Richard Linklater主演: 伊桑·霍克 Ethan Hawke ... 2013 美国 希腊 剧情 爱情
冰川时代,Ice Age,8.6,522538,松鼠才是角儿。,导演: 卡洛斯·沙尔丹哈 Carlos Saldanha   克里斯·韦奇 Chris Wedge主演... 2002 美国 喜剧 动画 冒险
雨人,Rain Man,8.7,347256,生活在自己的世界里，也可以让周围的人显得可笑和渺小。,导演: 巴瑞·莱文森 Barry Levinson主演: 达斯汀·霍夫曼 Dustin Hoffman ... 1988 美国 剧情
疯狂的石头,缺失,8.5,675581,中国版《两杆大烟枪》。,导演: 宁浩 Hao Ning主演: 郭涛 Tao Guo   刘桦 Hua Liu   连晋 Teddy Lin 2006 中国大陆 中国香港 喜剧 犯罪
恋恋笔记本,The Notebook,8.6,550868,爱情没有那么多借口，如果不能圆满，只能说明爱的不够。,导演: 尼克·卡索维茨 Nick Cassavetes主演: 瑞恩·高斯林 Ryan Gosling  ... 2004 美国 剧情 爱情
恐怖游轮,Triangle,8.5,667427,不要企图在重复中寻找已经失去的爱。,导演: 克里斯托弗·史密斯 Christopher Smith主演: 梅利莎·乔治 Melissa ... 2009 英国 澳大利亚 剧情 悬疑 惊悚
雨中曲,""" Singin in the Rain""",9.1,174542,骨灰级歌舞片。,导演: 斯坦利·多南 Stanley Donen   吉恩·凯利 Gene Kelly主演: 吉恩·... 1952 美国 喜剧 歌舞 爱情
魔女宅急便,魔女の宅急便,8.7,384758,宫崎骏的电影总让人感觉世界是美好的，阳光明媚的。,导演: 宫崎骏 Hayao Miyazaki主演: 高山南 Minami Takayama   佐久间玲 Re... 1989 日本 动画 奇幻 冒险
色，戒,缺失,8.5,592586,假戏真情，爱欲深海,导演: 李安 Ang Lee主演: 梁朝伟 Tony Leung Chiu Wai   汤唯 Wei Tang   ... 2007 中国台湾 中国大陆 美国 中国香港 剧情 爱情 情色
2001太空漫游,2001: A Space Odyssey,8.8,249269,现代科幻电影的开山之作，最伟大导演的最伟大影片。,导演: 斯坦利·库布里克 Stanley Kubrick主演: 凯尔·杜拉 Keir Dullea   ... 1968 英国 美国 科幻 惊悚 冒险
虎口脱险,La grande vadrouille,8.9,202940,永远看不腻的喜剧。,导演: 杰拉尔·乌里 Gérard Oury主演: 路易·德·菲耐斯 Louis de Funès... 1966 法国 英国 喜剧 战争
奇迹男孩,Wonder,8.6,480015,世界不完美，爱会有奇迹。,导演: 斯蒂芬·卓博斯基 Stephen Chbosky主演: 雅各布·特伦布莱 Jacob Tr... 2017 美国 中国香港 剧情 儿童 家庭
海边的曼彻斯特,Manchester by the Sea,8.6,406391,我们都有权利不与自己的过去和解。,导演: 肯尼斯·罗纳根 Kenneth Lonergan主演: 卡西·阿弗莱克 Casey Affle... 2016 美国 剧情 家庭
城市之光,City Lights,9.3,113660,永远的小人物，伟大的卓别林。,导演: Charles Chaplin主演: 查理·卓别林 Charles Chaplin   弗吉尼亚·... 1931 美国 喜剧 剧情 爱情
可可西里,缺失,8.8,249064,坚硬的信仰。,导演: 陆川 Chuan Lu主演: 多布杰 Duobujie   张磊 Lei Zhang   亓亮 Qi L... 2004 中国大陆 中国香港 剧情 犯罪
人工智能,Artificial Intelligence: AI,8.7,369036,对爱的执着，可以超越一切。,导演: 史蒂文·斯皮尔伯格 Steven Spielberg主演: 海利·乔·奥斯蒙 Haley... 2001 美国 英国 剧情 科幻
初恋这件小事,สิ่งเล็กเล็กที่เรียกว่า...รัก,8.4,858277,黑小鸭速效美白记。,导演: 普特鹏·普罗萨卡·那·萨克那卡林 Puttipong Promsaka Na Sakolnakorn   华森·波克彭... 2010 泰国 剧情 喜剧 爱情
罗生门,羅生門,8.8,257332,人生的N种可能性。,导演: 黑泽明 Akira Kurosawa主演: 三船敏郎 Toshirô Mifune   京町子 ... 1950 日本 剧情 犯罪 悬疑
房间,Room,8.8,324927,被偷走的岁月，被伤害的生命，被禁锢的灵魂，终将被希望和善意救赎。,导演: 伦尼·阿伯拉罕森 Lenny Abrahamson主演: 布丽·拉尔森 Brie Larson... 2015 爱尔兰 加拿大 英国 美国 剧情 家庭
终结者2：审判日,Terminator 2: Judgment Day,8.7,291482,少见的超越首部的续集，动作片中的经典。,导演: 詹姆斯·卡梅隆 James Cameron主演: 阿诺·施瓦辛格 Arnold Schwarz... 1991 美国 法国 动作 科幻
大佛普拉斯,缺失,8.7,349492,人们可以登上月球，却永远无法探索人们内心的宇宙。,导演: 黄信尧 Hsin-yao Huang主演: 庄益增 Yizeng Zhuang   陈竹昇 Chu-sh... 2017 中国台湾 剧情 喜剧
二十二,缺失,8.7,245439,有一些东西不应该被遗忘。,导演: 郭柯 Ke Guo主演:  2015 中国大陆 纪录片
遗愿清单,The Bucket List,8.7,340609,用剩余不多的时间，去燃烧整个生命。,导演: 罗伯·莱纳 Rob Reiner主演: 杰克·尼科尔森 Jack Nicholson   摩根... 2007 美国 冒险 喜剧 剧情
牯岭街少年杀人事件,牯嶺街少年殺人事件,8.9,221361,弱者送给弱者的一刀。,导演: 杨德昌 Edward Yang主演: 张震 Chen Chang   杨静怡 Lisa Yang   张... 1991 中国台湾 剧情 犯罪
源代码,Source Code,8.5,691453,邓肯·琼斯继《月球》之后再度奉献出一部精彩绝伦的科幻佳作。,导演: 邓肯·琼斯 Duncan Jones主演: 杰克·吉伦哈尔 Jake Gyllenhaal   ... 2011 美国 加拿大 科幻 悬疑 惊悚
波西米亚狂想曲,Bohemian Rhapsody,8.7,487535,,导演: 布莱恩·辛格 Bryan Singer主演: 拉米·马雷克 Rami Malek   本·哈... 2018 英国 美国 剧情 传记 同性 音乐
魂断蓝桥,Waterloo Bridge,8.8,232408,中国式内在的美国电影。,导演: 茂文·勒鲁瓦 Mervyn LeRoy主演: 费雯·丽 Vivien Leigh   罗伯特·... 1940 美国 剧情 爱情 战争
青蛇,缺失,8.6,431773,人生如此，浮生如斯。谁人言，花彼岸，此生情长意短。谁都是不懂爱的罢了。,导演: 徐克 Hark Tsui主演: 张曼玉 Maggie Cheung   王祖贤 Joey Wang   ... 1993 中国香港 中国大陆 剧情 爱情 奇幻 古装
新龙门客栈,新龍門客棧,8.6,370077,嬉笑怒骂，调风动月。,导演: 李惠民 Raymond Lee主演: 张曼玉 Maggie Cheung   林青霞 Brigitte ... 1992 中国香港 中国大陆 动作 爱情 武侠 古装
疯狂的麦克斯4：狂暴之路,Mad Max: Fury Road,8.6,437838,“多么美好的一天！”轰轰轰砰咚，啪哒哒哒轰隆隆，磅~,导演: 乔治·米勒 George Miller主演: 汤姆·哈迪 Tom Hardy   查理兹·塞... 2015 澳大利亚 美国 动作 科幻 冒险
无耻混蛋,Inglourious Basterds,8.6,398476,昆汀同学越来越变态了，比北野武还杜琪峰。,导演: Quentin Tarantino主演: 布拉德·皮特 Brad Pitt   梅拉尼·罗兰 M... 2009 德国 美国 剧情 犯罪
步履不停,歩いても 歩いても,8.8,226584,日本的家庭电影已经是世界巅峰了，步履不停是巅峰中的佳作。,导演: 是枝裕和 Hirokazu Koreeda主演: 阿部宽 Hiroshi Abe   夏川结衣 Yu... 2008 日本 剧情 家庭
东京教父,東京ゴッドファーザーズ,9.0,155978,,导演: 今敏 Satoshi Kon主演: 江守彻 Toru Emori   梅垣义明 Yoshiaki Ume... 2003 日本 剧情 喜剧 动画
血钻,Blood Diamond,8.7,308383,每个美丽事物背后都是滴血的现实。,导演: 爱德华·兹威克 Edward Zwick主演: 莱昂纳多·迪卡普里奥 Leonardo ... 2006 美国 德国 英国 剧情 惊悚 冒险
无间道2,無間道II,8.6,357245,,导演: 刘伟强   麦兆辉主演: 陈冠希   余文乐   曾志伟 2003 中国香港 剧情 犯罪 惊悚
燃情岁月,Legends of the Fall,8.8,245384,传奇，不是每个人都可以拥有。,导演: 爱德华·兹威克 Edward Zwick主演: 布拉德·皮特 Brad Pitt   安东... 1994 美国 剧情 爱情 战争 西部
海洋,Océans,9.1,141534,大海啊，不全是水。,导演: 雅克·贝汉 Jacques Perrin   雅克·克鲁奥德 Jacques Cluzaud主演:... 2009 法国 瑞士 西班牙 美国 阿联酋 摩纳哥 纪录片
彗星来的那一夜,Coherence,8.5,442871,小成本大魅力。,导演: 詹姆斯·沃德·布柯特 James Ward Byrkit主演: 艾米丽·芭尔多尼 Em... 2013 美国 英国 科幻 悬疑 惊悚
谍影重重2,The Bourne Supremacy,8.7,299107,谁说王家卫镜头很晃？,导演: 保罗·格林格拉斯 Paul Greengrass主演: 马特·达蒙 Matt Damon   ... 2004 美国 德国 动作 悬疑 惊悚
战争之王,Lord of War,8.7,297834,做一颗让别人需要你的棋子。,导演: 安德鲁·尼科尔 Andrew Niccol主演: 尼古拉斯·凯奇 Nicolas Cage  ... 2005 法国 德国 美国 剧情 犯罪
穿越时空的少女,時をかける少女,8.6,330704,爱上未来的你。,导演: 细田守 Mamoru Hosoda主演: 仲里依纱 Riisa Naka   石田卓也 Takuya... 2006 日本 剧情 爱情 科幻 动画
阿飞正传,阿飛正傳,8.5,419384,王家卫是一种风格，张国荣是一个代表。,导演: 王家卫 Kar Wai Wong主演: 张国荣 Leslie Cheung   张曼玉 Maggie C... 1990 中国香港 犯罪 剧情 爱情
千钧一发,Gattaca,8.8,224017,一部能引人思考的科幻励志片。,导演: 安德鲁·尼科尔 Andrew Niccol主演: 伊桑·霍克 Ethan Hawke   乌玛... 1997 美国 剧情 科幻 惊悚
地球上的星星,Taare Zameen Par,8.9,175691,天使保护事件始末。,导演: 阿米尔·汗 Aamir Khan主演: 达席尔·萨法瑞 Darsheel Safary   阿... 2007 印度 剧情 儿童 家庭
谍影重重,The Bourne Identity,8.6,357634,哗啦啦啦啦，天在下雨，哗啦啦啦啦，云在哭泣……找自己。,导演: 道格·里曼 Doug Liman主演: 马特·达蒙 Matt Damon   弗兰卡·波坦... 2002 美国 德国 捷克 动作 悬疑 惊悚
完美陌生人,Perfetti sconosciuti,8.5,457028,来啊，互相伤害啊！,导演: 保罗·格诺维瑟 Paolo Genovese主演: 马可·贾利尼 Marco Giallini ... 2016 意大利 剧情 喜剧
黑客帝国2：重装上阵,The Matrix Reloaded,8.6,320255,一个精彩的世界观正在缓缓建立。,导演: 拉娜·沃卓斯基 Lana Wachowski   莉莉·沃卓斯基 Lilly Wachowski... 2003 美国 动作 科幻
东京物语,東京物語,9.2,112885,东京那么大，如果有一天走失了，恐怕一辈子不能再相见。,导演: 小津安二郎 Yasujirô Ozu主演: 笠智众 Chishû Ryû   原节... 1953 日本 剧情 家庭
崖上的波妞,崖の上のポニョ,8.6,390701,,导演: 宫崎骏 Hayao Miyazaki主演: 奈良柚莉爱 Yuria Nara   土井洋辉 Hir... 2008 日本 动画 奇幻 冒险
香水,Perfume: The Story of a Murderer,8.5,471217,一个单凭体香达到高潮的男人。,导演: 汤姆·提克威 Tom Tykwer主演: 本·卫肖 Ben Whishaw   艾伦·瑞克... 2006 德国 法国 西班牙 美国 剧情 犯罪 奇幻
我爱你,그대를 사랑합니다,9.1,137920,你要相信，这世上真的有爱存在，不管在什么年纪,导演: 秋昌民 Chang-min Choo主演: 宋在河 Jae-ho Song   李顺载 Soon-jae... 2011 韩国 剧情 爱情
再次出发之纽约遇见你,Begin Again,8.6,357514,爱我就给我看你的播放列表。,导演: 约翰·卡尼 John Carney主演: 凯拉·奈特莉 Keira Knightley   马克... 2013 美国 喜剧 爱情 音乐
茶馆,缺失,9.5,74123,,导演: 谢添 Tian Xie主演: 于是之 Shizhi Yu   郑榕 Rong Zhen   蓝天野 T... 1982 中国大陆 剧情 历史
朗读者,The Reader,8.6,401745,当爱情跨越年龄的界限，它似乎能变得更久远一点，成为一种责任，一种水到渠成的相濡以沫。,导演: 史蒂芬·戴德利 Stephen Daldry主演: 凯特·温丝莱特 Kate Winslet ... 2008 美国 德国 剧情 爱情
聚焦,Spotlight,8.8,237538,新闻人的理性求真。,导演: 托马斯·麦卡锡 Thomas McCarthy主演: 马克·鲁弗洛 Mark Ruffalo  ... 2015 美国 剧情 传记
驴得水,缺失,8.3,777902,过去的如果就让它过去了，未来只会越来越糟！,导演: 周申 Shen Zhou   刘露 Lu Liu主演: 任素汐 Suxi Ren   大力 Da Li ... 2016 中国大陆 剧情 喜剧
浪潮,Die Welle,8.7,231540,世界离独裁只有五天。,导演: 丹尼斯·甘塞尔 Dennis Gansel主演: 尤尔根·沃格尔 Jürgen Vogel ... 2008 德国 剧情 惊悚
猜火车,Trainspotting,8.5,367598,不可猜的青春迷笛。,导演: 丹尼·博伊尔 Danny Boyle主演: 伊万·麦克格雷格 Ewan McGregor   ... 1996 英国 剧情 犯罪
爱乐之城,La La Land,8.4,692407,,导演: 达米恩·查泽雷 Damien Chazelle主演: 瑞恩·高斯林 Ryan Gosling  ... 2016 美国 剧情 爱情 歌舞
小萝莉的猴神大叔,Bajrangi Bhaijaan,8.4,418917,宝莱坞的萝莉与大叔。,导演: 卡比尔·汗 Kabir Khan主演: 萨尔曼·汗 Salman Khan   哈莎莉·马... 2015 印度 剧情 喜剧 动作
背靠背，脸对脸,缺失,9.5,75577,,导演: 黄建新 Jianxin Huang   杨亚洲 Yazhou Yang主演: 牛振华 Zhenhua N... 1994 中国大陆 中国香港 剧情]]
